<?xml version="1.0"?>
<!DOCTYPE hibernate-mapping PUBLIC "-//Hibernate/Hibernate Mapping DTD 3.0//EN"
"http://www.hibernate.org/dtd/hibernate-mapping-3.0.dtd">
<!-- Generated Feb 16, 2017 3:17:16 PM by Hibernate Tools 4.3.5.Final -->
<hibernate-mapping>
    <class name="com.sunlife.model.ClientRoleLookup" table="CLIENT_ROLE_LOOKUP" schema="SHKCIFDVO" optimistic-lock="version">
        <id name="clientRoleCd" type="string">
            <column name="CLIENT_ROLE_CD" length="2" />
            <generator class="assigned" />
        </id>
        <property name="clientRole" type="string">
            <column name="CLIENT_ROLE" length="60" />
        </property>
        <property name="partyTypeCd" type="string">
            <column name="PARTY_TYPE_CD" length="2" />
        </property>
        <property name="startDttm" type="serializable">
            <column name="START_DTTM" />
        </property>
        <property name="endDttm" type="serializable">
            <column name="END_DTTM" />
        </property>
        <set name="organizationPolicyRoles" table="ORGANIZATION_POLICY_ROLE" inverse="true" lazy="true" fetch="select">
            <key>
                <column name="CLIENT_ROLE_CD" length="2" not-null="true" />
            </key>
            <one-to-many class="com.sunlife.model.OrganizationPolicyRole" />
        </set>
        <set name="individualPolicyRoles" table="INDIVIDUAL_POLICY_ROLE" inverse="true" lazy="true" fetch="select">
            <key>
                <column name="CLIENT_ROLE_CD" length="2" not-null="true" />
            </key>
            <one-to-many class="com.sunlife.model.IndividualPolicyRole" />
        </set>
    </class>
</hibernate-mapping>
