<?xml version="1.0"?>
<!DOCTYPE hibernate-mapping PUBLIC "-//Hibernate/Hibernate Mapping DTD 3.0//EN"
"http://www.hibernate.org/dtd/hibernate-mapping-3.0.dtd">
<!-- Generated Feb 16, 2017 3:17:16 PM by Hibernate Tools 4.3.5.Final -->
<hibernate-mapping>
    <class name="com.sunlife.model.CountryTxMap" table="COUNTRY_TX_MAP" schema="SHKCIFDVO" optimistic-lock="version">
        <composite-id name="id" class="com.sunlife.model.CountryTxMapId">
            <key-property name="countryCd" type="string">
                <column name="COUNTRY_CD" length="2" />
            </key-property>
            <key-property name="sourceSystemCd" type="string">
                <column name="SOURCE_SYSTEM_CD" length="3" />
            </key-property>
            <key-property name="sourceSystemFieldCd" type="string">
                <column name="SOURCE_SYSTEM_FIELD_CD" length="2" />
            </key-property>
            <key-property name="sourceSystemFieldNm" type="string">
                <column name="SOURCE_SYSTEM_FIELD_NM" length="200" />
            </key-property>
            <key-property name="sourceSystemFieldTxtEng" type="string">
                <column name="SOURCE_SYSTEM_FIELD_TXT_ENG" length="200" />
            </key-property>
            <key-property name="sourceSystemFieldTxtChn" type="string">
                <column name="SOURCE_SYSTEM_FIELD_TXT_CHN" length="200" />
            </key-property>
        </composite-id>
    </class>
</hibernate-mapping>
