<?xml version="1.0"?>
<!DOCTYPE hibernate-mapping PUBLIC "-//Hibernate/Hibernate Mapping DTD 3.0//EN"
"http://www.hibernate.org/dtd/hibernate-mapping-3.0.dtd">
<!-- Generated Feb 16, 2017 3:17:16 PM by Hibernate Tools 4.3.5.Final -->
<hibernate-mapping>
    <class name="com.sunlife.model.CountryLookup" table="COUNTRY_LOOKUP" schema="SHKCIFDVO" optimistic-lock="version">
        <id name="countryCd" type="string">
            <column name="COUNTRY_CD" length="4" />
            <generator class="assigned" />
        </id>
        <property name="countryName" type="string">
            <column name="COUNTRY_NAME" length="160" />
        </property>
        <property name="loadDttm" type="serializable">
            <column name="LOAD_DTTM" />
        </property>
        <set name="telephoneAddresses" table="TELEPHONE_ADDRESS" inverse="true" lazy="true" fetch="select">
            <key>
                <column name="COUNTRY_CD" length="4" />
            </key>
            <one-to-many class="com.sunlife.model.TelephoneAddress" />
        </set>
        <set name="geographyAddresses" table="GEOGRAPHY_ADDRESS" inverse="true" lazy="true" fetch="select">
            <key>
                <column name="COUNTRY_CD" length="4" not-null="true" />
            </key>
            <one-to-many class="com.sunlife.model.GeographyAddress" />
        </set>
    </class>
</hibernate-mapping>
