<?xml version="1.0"?>
<!DOCTYPE hibernate-mapping PUBLIC "-//Hibernate/Hibernate Mapping DTD 3.0//EN"
"http://www.hibernate.org/dtd/hibernate-mapping-3.0.dtd">
<!-- Generated Feb 16, 2017 3:17:16 PM by Hibernate Tools 4.3.5.Final -->
<hibernate-mapping>
    <class name="com.sunlife.model.CoverageFundActivity" table="COVERAGE_FUND_ACTIVITY" schema="SHKCIFDVO" optimistic-lock="version">
        <id name="coverageFundActvNum" type="long">
            <column name="COVERAGE_FUND_ACTV_NUM" precision="10" scale="0" />
            <generator class="assigned" />
        </id>
        <many-to-one name="coverage" class="com.sunlife.model.Coverage" fetch="select">
            <column name="COVERAGE_ID" precision="10" scale="0" />
            <column name="COVERAGE_START_DTTM" />
        </many-to-one>
        <property name="ciaTypeCd" type="string">
            <column name="CIA_TYPE_CD" length="6" />
        </property>
        <property name="ciaEffectiveDt" type="date">
            <column name="CIA_EFFECTIVE_DT" length="7" />
        </property>
        <property name="ciaSequenceNum" type="java.lang.Byte">
            <column name="CIA_SEQUENCE_NUM" precision="2" scale="0" />
        </property>
        <property name="ciaReasonCd" type="string">
            <column name="CIA_REASON_CD" length="6" />
        </property>
        <property name="firstFiaFundId" type="string">
            <column name="FIRST_FIA_FUND_ID" length="10" />
        </property>
        <property name="previousCiaIdtNum" type="string">
            <column name="PREVIOUS_CIA_IDT_NUM" length="14" />
        </property>
        <property name="previousCiaSequenceNum" type="java.lang.Byte">
            <column name="PREVIOUS_CIA_SEQUENCE_NUM" precision="2" scale="0" />
        </property>
        <property name="ciaProcessDt" type="date">
            <column name="CIA_PROCESS_DT" length="7" />
        </property>
        <property name="ciaUnitStatusCd" type="string">
            <column name="CIA_UNIT_STATUS_CD" length="2" />
        </property>
        <property name="ciaSourceDestinationCd" type="string">
            <column name="CIA_SOURCE_DESTINATION_CD" length="2" />
        </property>
        <property name="ciaRegisteredFundSourceCd" type="string">
            <column name="CIA_REGISTERED_FUND_SOURCE_CD" length="2" />
        </property>
        <property name="ciaClientTransactionAmt" type="big_decimal">
            <column name="CIA_CLIENT_TRANSACTION_AMT" precision="15" />
        </property>
        <property name="ciaLoadAmt" type="big_decimal">
            <column name="CIA_LOAD_AMT" precision="15" />
        </property>
        <property name="ciaAllocationCd" type="string">
            <column name="CIA_ALLOCATION_CD" length="2" />
        </property>
        <property name="ciaCommisionProcessCd" type="string">
            <column name="CIA_COMMISION_PROCESS_CD" length="2" />
        </property>
        <property name="ciaLoadForceCd" type="string">
            <column name="CIA_LOAD_FORCE_CD" length="2" />
        </property>
        <property name="ciaFiaRecordCnt" type="java.lang.Byte">
            <column name="CIA_FIA_RECORD_CNT" precision="2" scale="0" />
        </property>
        <property name="ciaFundTransactionAmt" type="big_decimal">
            <column name="CIA_FUND_TRANSACTION_AMT" precision="15" />
        </property>
        <property name="pendingDepositInterestPct" type="big_decimal">
            <column name="PENDING_DEPOSIT_INTEREST_PCT" precision="9" scale="6" />
        </property>
        <property name="cvgPaymentLtdAmt" type="big_decimal">
            <column name="CVG_PAYMENT_LTD_AMT" precision="17" />
        </property>
        <property name="cvgSurrenderLtdAmt" type="big_decimal">
            <column name="CVG_SURRENDER_LTD_AMT" precision="17" />
        </property>
        <property name="cvgShortageLtdAmt" type="big_decimal">
            <column name="CVG_SHORTAGE_LTD_AMT" precision="15" />
        </property>
        <property name="cvgGuaranteedValueAmt" type="big_decimal">
            <column name="CVG_GUARANTEED_VALUE_AMT" precision="15" />
        </property>
        <property name="ciaSurrenderDifferenceAmt" type="big_decimal">
            <column name="CIA_SURRENDER_DIFFERENCE_AMT" precision="15" />
        </property>
        <property name="ciaTaxWithheldCd" type="string">
            <column name="CIA_TAX_WITHHELD_CD" length="1" />
        </property>
        <property name="ciaTaxYr" type="java.lang.Short">
            <column name="CIA_TAX_YR" precision="4" scale="0" />
        </property>
        <property name="cia7702DecreaseDt" type="date">
            <column name="CIA_7702_DECREASE_DT" length="7" />
        </property>
        <property name="cvgShortageAmt" type="big_decimal">
            <column name="CVG_SHORTAGE_AMT" precision="13" />
        </property>
        <property name="ciaReversalStatusCd" type="string">
            <column name="CIA_REVERSAL_STATUS_CD" length="2" />
        </property>
        <property name="ciaValueSurrenderPct" type="big_decimal">
            <column name="CIA_VALUE_SURRENDER_PCT" precision="7" scale="4" />
        </property>
        <property name="previousSurrenderIdtNum" type="string">
            <column name="PREVIOUS_SURRENDER_IDT_NUM" length="14" />
        </property>
        <property name="previousSurrenderSeqNum" type="java.lang.Byte">
            <column name="PREVIOUS_SURRENDER_SEQ_NUM" precision="2" scale="0" />
        </property>
        <property name="guaranteedValueCd" type="string">
            <column name="GUARANTEED_VALUE_CD" length="2" />
        </property>
        <property name="ciaReminderReasonCd" type="string">
            <column name="CIA_REMINDER_REASON_CD" length="2" />
        </property>
        <property name="ciaFreeWithdrawalAmt" type="big_decimal">
            <column name="CIA_FREE_WITHDRAWAL_AMT" precision="15" />
        </property>
        <property name="policyPayoutNum" type="java.lang.Integer">
            <column name="POLICY_PAYOUT_NUM" precision="5" scale="0" />
        </property>
        <property name="cdaSequenceNum" type="java.lang.Short">
            <column name="CDA_SEQUENCE_NUM" precision="3" scale="0" />
        </property>
        <property name="ciaSuspenseAcctCd" type="string">
            <column name="CIA_SUSPENSE_ACCT_CD" length="2" />
        </property>
        <property name="ciaUnitValuationDt" type="date">
            <column name="CIA_UNIT_VALUATION_DT" length="7" />
        </property>
        <property name="iaunitDepositAllocationCd" type="string">
            <column name="IAUNIT_DEPOSIT_ALLOCATION_CD" length="2" />
        </property>
        <property name="ciaIunitWithdrawalPct" type="big_decimal">
            <column name="CIA_IUNIT_WITHDRAWAL_PCT" precision="9" scale="6" />
        </property>
        <property name="ciaModalCoiAmt" type="big_decimal">
            <column name="CIA_MODAL_COI_AMT" precision="15" />
        </property>
        <property name="ciaReallocationCd" type="string">
            <column name="CIA_REALLOCATION_CD" length="2" />
        </property>
        <property name="bonusInvestmentAcctValAmt" type="big_decimal">
            <column name="BONUS_INVESTMENT_ACCT_VAL_AMT" precision="17" />
        </property>
        <property name="bonusPct" type="big_decimal">
            <column name="BONUS_PCT" precision="9" scale="6" />
        </property>
        <property name="loadDttm" type="serializable">
            <column name="LOAD_DTTM" />
        </property>
        <property name="ciaIdtNum" type="string">
            <column name="CIA_IDT_NUM" length="14" />
        </property>
    </class>
</hibernate-mapping>
