<?xml version="1.0"?>
<!DOCTYPE hibernate-mapping PUBLIC "-//Hibernate/Hibernate Mapping DTD 3.0//EN"
"http://www.hibernate.org/dtd/hibernate-mapping-3.0.dtd">
<!-- Generated Feb 16, 2017 3:17:16 PM by Hibernate Tools 4.3.5.Final -->
<hibernate-mapping>
    <class name="com.sunlife.model.Coverage" table="COVERAGE" schema="SHKCIFDVO" optimistic-lock="version">
        <composite-id name="id" class="com.sunlife.model.CoverageId">
            <key-property name="coverageId" type="long">
                <column name="COVERAGE_ID" precision="10" scale="0" />
            </key-property>
            <key-property name="startDttm" type="serializable">
                <column name="START_DTTM" />
            </key-property>
        </composite-id>
        <many-to-one name="lifePolicyAgreement" class="com.sunlife.model.LifePolicyAgreement" fetch="select">
            <column name="POLICY_AGREEMENT_ID" precision="10" scale="0" />
            <column name="AGREEMENT_START_DTTM" />
        </many-to-one>
        <property name="coverageNum" type="string">
            <column name="COVERAGE_NUM" length="4" />
        </property>
        <property name="planCd" type="string">
            <column name="PLAN_CD" length="12" />
        </property>
        <property name="coverageStatusCd" type="string">
            <column name="COVERAGE_STATUS_CD" length="6" />
        </property>
        <property name="coverageRateAge" type="string">
            <column name="COVERAGE_RATE_AGE" length="6" />
        </property>
        <property name="coverageIssueDt" type="date">
            <column name="COVERAGE_ISSUE_DT" length="7" />
        </property>
        <property name="coverageExpiryDt" type="date">
            <column name="COVERAGE_EXPIRY_DT" length="7" />
        </property>
        <property name="smokerCd" type="string">
            <column name="SMOKER_CD" length="2" />
        </property>
        <property name="coverageFaceAmt" type="big_decimal">
            <column name="COVERAGE_FACE_AMT" precision="15" />
        </property>
        <property name="adbCoverageFaceAmount" type="big_decimal">
            <column name="ADB_COVERAGE_FACE_AMOUNT" precision="15" />
        </property>
        <property name="adbMultipilier" type="big_decimal">
            <column name="ADB_MULTIPILIER" precision="3" />
        </property>
        <property name="waiverOfPremiumMultiplier" type="big_decimal">
            <column name="WAIVER_OF_PREMIUM_MULTIPLIER" precision="3" />
        </property>
        <property name="underwrittenAmt" type="big_decimal">
            <column name="UNDERWRITTEN_AMT" precision="15" />
        </property>
        <property name="unitValue" type="big_decimal">
            <column name="UNIT_VALUE" precision="15" />
        </property>
        <property name="insuranceTypeCd" type="string">
            <column name="INSURANCE_TYPE_CD" length="2" />
        </property>
        <property name="coverageParticipationCd" type="string">
            <column name="COVERAGE_PARTICIPATION_CD" length="2" />
        </property>
        <property name="sexCd" type="string">
            <column name="SEX_CD" length="2" />
        </property>
        <property name="supplementaryBenefitCd" type="string">
            <column name="SUPPLEMENTARY_BENEFIT_CD" length="2" />
        </property>
        <property name="annualPremiumAmt" type="big_decimal">
            <column name="ANNUAL_PREMIUM_AMT" precision="15" />
        </property>
        <property name="modalPremiumAmt" type="big_decimal">
            <column name="MODAL_PREMIUM_AMT" precision="15" />
        </property>
        <property name="flatExtraDollarAmt" type="big_decimal">
            <column name="FLAT_EXTRA_DOLLAR_AMT" precision="15" />
        </property>
        <property name="flatExtraPremiumAmt" type="big_decimal">
            <column name="FLAT_EXTRA_PREMIUM_AMT" precision="15" />
        </property>
        <property name="flatExtraDuration" type="big_decimal">
            <column name="FLAT_EXTRA_DURATION" precision="15" />
        </property>
        <property name="flatExtraReasonCd" type="string">
            <column name="FLAT_EXTRA_REASON_CD" length="2" />
        </property>
        <property name="mmExtraPremiumRating" type="big_decimal">
            <column name="MM_EXTRA_PREMIUM_RATING" precision="15" />
        </property>
        <property name="mmPremiumAmt" type="big_decimal">
            <column name="MM_PREMIUM_AMT" precision="15" />
        </property>
        <property name="mmPremiumDuration" type="big_decimal">
            <column name="MM_PREMIUM_DURATION" precision="15" />
        </property>
        <property name="mmPremiumReasonCd" type="string">
            <column name="MM_PREMIUM_REASON_CD" length="2" />
        </property>
        <property name="sumInsuredAmt" type="big_decimal">
            <column name="SUM_INSURED_AMT" precision="15" />
        </property>
        <property name="excessPremiumAmt" type="big_decimal">
            <column name="EXCESS_PREMIUM_AMT" precision="15" />
        </property>
        <property name="deathBenefitCalcMethodCd" type="string">
            <column name="DEATH_BENEFIT_CALC_METHOD_CD" length="2" />
        </property>
        <property name="endDttm" type="serializable">
            <column name="END_DTTM" />
        </property>
        <property name="coverageTypeCd" type="string">
            <column name="COVERAGE_TYPE_CD" length="2" />
        </property>
        <property name="coverageApplicReceiveDt" type="date">
            <column name="COVERAGE_APPLIC_RECEIVE_DT" length="7" />
        </property>
        <property name="ageRestrictReasonCd" type="string">
            <column name="AGE_RESTRICT_REASON_CD" length="2" />
        </property>
        <property name="jointLifeCd" type="string">
            <column name="JOINT_LIFE_CD" length="2" />
        </property>
        <property name="suspendedStatusCd" type="string">
            <column name="SUSPENDED_STATUS_CD" length="6" />
        </property>
        <property name="coveragePremiumTerm" type="java.lang.Short">
            <column name="COVERAGE_PREMIUM_TERM" precision="3" scale="0" />
        </property>
        <property name="connectedCoverageNum" type="string">
            <column name="CONNECTED_COVERAGE_NUM" length="4" />
        </property>
        <property name="coexistingCoverageNum" type="string">
            <column name="COEXISTING_COVERAGE_NUM" length="4" />
        </property>
        <property name="connectedCoexistingReasonCd" type="string">
            <column name="CONNECTED_COEXISTING_REASON_CD" length="2" />
        </property>
        <property name="restrictPremiumCd" type="string">
            <column name="RESTRICT_PREMIUM_CD" length="2" />
        </property>
        <property name="adbExpiryDt" type="date">
            <column name="ADB_EXPIRY_DT" length="7" />
        </property>
        <property name="waiverOfPremiumAmt" type="big_decimal">
            <column name="WAIVER_OF_PREMIUM_AMT" precision="15" />
        </property>
        <property name="waiverOfPremiumExpiryDt" type="date">
            <column name="WAIVER_OF_PREMIUM_EXPIRY_DT" length="7" />
        </property>
        <property name="premiumChangeDt" type="date">
            <column name="PREMIUM_CHANGE_DT" length="7" />
        </property>
        <property name="coverageUpgradeDt" type="date">
            <column name="COVERAGE_UPGRADE_DT" length="7" />
        </property>
        <property name="coverageActualEffectiveDt" type="date">
            <column name="COVERAGE_ACTUAL_EFFECTIVE_DT" length="7" />
        </property>
        <property name="coverageInforceDt" type="date">
            <column name="COVERAGE_INFORCE_DT" length="7" />
        </property>
        <property name="reinstatementUnderwritingDt" type="date">
            <column name="REINSTATEMENT_UNDERWRITING_DT" length="7" />
        </property>
        <property name="mmCd" type="string">
            <column name="MM_CD" length="2" />
        </property>
        <property name="loadDttm" type="serializable">
            <column name="LOAD_DTTM" />
        </property>
        <property name="subTable1Cd" type="string">
            <column name="SUB_TABLE1_CD" length="4" />
        </property>
        <property name="subTable2Cd" type="string">
            <column name="SUB_TABLE2_CD" length="6" />
        </property>
        <property name="subTable3Cd" type="string">
            <column name="SUB_TABLE3_CD" length="10" />
        </property>
        <property name="subTable4Cd" type="string">
            <column name="SUB_TABLE4_CD" length="4" />
        </property>
        <set name="noClaimDiscounts" table="NO_CLAIM_DISCOUNT" inverse="true" lazy="true" fetch="select">
            <key>
                <column name="COVERAGE_ID" precision="10" scale="0" />
                <column name="COVERAGE_START_DTTM" />
            </key>
            <one-to-many class="com.sunlife.model.NoClaimDiscount" />
        </set>
        <set name="coverageDiscounts" table="COVERAGE_DISCOUNT" inverse="true" lazy="true" fetch="select">
            <key>
                <column name="COVERAGE_ID" precision="10" scale="0" />
                <column name="COVERAGE_START_DTTM" />
            </key>
            <one-to-many class="com.sunlife.model.CoverageDiscount" />
        </set>
        <set name="gifTransactions" table="GIF_TRANSACTION" inverse="true" lazy="true" fetch="select">
            <key>
                <column name="COVERAGE_ID" precision="10" scale="0" />
                <column name="COVERAGE_START_DTTM" />
            </key>
            <one-to-many class="com.sunlife.model.GifTransaction" />
        </set>
        <set name="difTransactions" table="DIF_TRANSACTION" inverse="true" lazy="true" fetch="select">
            <key>
                <column name="COVERAGE_ID" precision="10" scale="0" />
                <column name="COVERAGE_START_DTTM" />
            </key>
            <one-to-many class="com.sunlife.model.DifTransaction" />
        </set>
        <set name="coverageFundActivities" table="COVERAGE_FUND_ACTIVITY" inverse="true" lazy="true" fetch="select">
            <key>
                <column name="COVERAGE_ID" precision="10" scale="0" />
                <column name="COVERAGE_START_DTTM" />
            </key>
            <one-to-many class="com.sunlife.model.CoverageFundActivity" />
        </set>
        <set name="coverageFundActivityDetails" table="COVERAGE_FUND_ACTIVITY_DETAIL" inverse="true" lazy="true" fetch="select">
            <key>
                <column name="COVERAGE_ID" precision="10" scale="0" />
                <column name="COVERAGE_START_DATE" />
            </key>
            <one-to-many class="com.sunlife.model.CoverageFundActivityDetail" />
        </set>
        <set name="gifSummaries" table="GIF_SUMMARY" inverse="true" lazy="true" fetch="select">
            <key>
                <column name="COVERAGE_ID" precision="10" scale="0" />
                <column name="COVERAGE_START_DTTM" />
            </key>
            <one-to-many class="com.sunlife.model.GifSummary" />
        </set>
        <set name="coverageInsureds" table="COVERAGE_INSURED" inverse="true" lazy="true" fetch="select">
            <key>
                <column name="COVERAGE_ID" precision="10" scale="0" not-null="true" />
                <column name="COVERAGE_START_DTTM" />
            </key>
            <one-to-many class="com.sunlife.model.CoverageInsured" />
        </set>
        <set name="difSummaries" table="DIF_SUMMARY" inverse="true" lazy="true" fetch="select">
            <key>
                <column name="COVERAGE_ID" precision="10" scale="0" />
                <column name="COVERAGE_START_DTTM" />
            </key>
            <one-to-many class="com.sunlife.model.DifSummary" />
        </set>
        <set name="agentCoverageRoles" table="AGENT_COVERAGE_ROLE" inverse="true" lazy="true" fetch="select">
            <key>
                <column name="COVERAGE_ID" precision="10" scale="0" not-null="true" />
                <column name="COVERAGE_START_DTTM" />
            </key>
            <one-to-many class="com.sunlife.model.AgentCoverageRole" />
        </set>
        <set name="segregatedFundSummaries" table="SEGREGATED_FUND_SUMMARY" inverse="true" lazy="true" fetch="select">
            <key>
                <column name="COVERAGE_ID" precision="10" scale="0" />
                <column name="COVERAGE_START_DTTM" />
            </key>
            <one-to-many class="com.sunlife.model.SegregatedFundSummary" />
        </set>
    </class>
</hibernate-mapping>
