<?xml version="1.0"?>
<!DOCTYPE hibernate-mapping PUBLIC "-//Hibernate/Hibernate Mapping DTD 3.0//EN"
"http://www.hibernate.org/dtd/hibernate-mapping-3.0.dtd">
<!-- Generated Feb 16, 2017 3:17:16 PM by Hibernate Tools 4.3.5.Final -->
<hibernate-mapping>
    <class name="com.sunlife.model.CoverageDiscount" table="COVERAGE_DISCOUNT" schema="SHKCIFDVO" optimistic-lock="version">
        <composite-id name="id" class="com.sunlife.model.CoverageDiscountId">
            <key-property name="coverageDiscountReasonCd" type="string">
                <column name="COVERAGE_DISCOUNT_REASON_CD" length="2" />
            </key-property>
            <key-property name="discountStartDt" type="date">
                <column name="DISCOUNT_START_DT" length="7" />
            </key-property>
        </composite-id>
        <many-to-one name="coverage" class="com.sunlife.model.Coverage" fetch="select">
            <column name="COVERAGE_ID" precision="10" scale="0" />
            <column name="COVERAGE_START_DTTM" />
        </many-to-one>
        <property name="discountEndDt" type="date">
            <column name="DISCOUNT_END_DT" length="7" />
        </property>
        <property name="loadDttm" type="serializable">
            <column name="LOAD_DTTM" />
        </property>
        <property name="coveragePremiumAmt" type="big_decimal">
            <column name="COVERAGE_PREMIUM_AMT" precision="15" />
        </property>
        <property name="coveragePremiumPct" type="big_decimal">
            <column name="COVERAGE_PREMIUM_PCT" precision="8" scale="3" />
        </property>
    </class>
</hibernate-mapping>
