<?xml version="1.0"?>
<!DOCTYPE hibernate-mapping PUBLIC "-//Hibernate/Hibernate Mapping DTD 3.0//EN"
"http://www.hibernate.org/dtd/hibernate-mapping-3.0.dtd">
<!-- Generated Feb 16, 2017 3:17:16 PM by Hibernate Tools 4.3.5.Final -->
<hibernate-mapping>
    <class name="com.sunlife.model.CoverageFundActivityDetail" table="COVERAGE_FUND_ACTIVITY_DETAIL" schema="SHKCIFDVO" optimistic-lock="version">
        <id name="coverageFundActvDetailNum" type="long">
            <column name="COVERAGE_FUND_ACTV_DETAIL_NUM" precision="12" scale="0" />
            <generator class="assigned" />
        </id>
        <many-to-one name="coverage" class="com.sunlife.model.Coverage" fetch="select">
            <column name="COVERAGE_ID" precision="10" scale="0" />
            <column name="COVERAGE_START_DATE" />
        </many-to-one>
        <property name="fundId" type="string">
            <column name="FUND_ID" length="10" />
        </property>
        <property name="fiaEffectiveDt" type="date">
            <column name="FIA_EFFECTIVE_DT" length="7" />
        </property>
        <property name="fiaSequenceNum" type="java.lang.Byte">
            <column name="FIA_SEQUENCE_NUM" precision="2" scale="0" />
        </property>
        <property name="fiaIdtNum" type="string">
            <column name="FIA_IDT_NUM" length="14" />
        </property>
        <property name="nextFiaFundId" type="string">
            <column name="NEXT_FIA_FUND_ID" length="10" />
        </property>
        <property name="fiaReversalStatusCd" type="string">
            <column name="FIA_REVERSAL_STATUS_CD" length="2" />
        </property>
        <property name="fiaUnitStatusCd" type="string">
            <column name="FIA_UNIT_STATUS_CD" length="2" />
        </property>
        <property name="fiaInAllocationPct" type="big_decimal">
            <column name="FIA_IN_ALLOCATION_PCT" precision="7" scale="4" />
        </property>
        <property name="fiaOutAllocationPct" type="big_decimal">
            <column name="FIA_OUT_ALLOCATION_PCT" precision="7" scale="4" />
        </property>
        <property name="fiaValueSurrenderedPct" type="big_decimal">
            <column name="FIA_VALUE_SURRENDERED_PCT" precision="7" scale="4" />
        </property>
        <property name="fiaFundTransactionAmt" type="big_decimal">
            <column name="FIA_FUND_TRANSACTION_AMT" precision="15" />
        </property>
        <property name="fiaLoadAmt" type="big_decimal">
            <column name="FIA_LOAD_AMT" precision="15" />
        </property>
        <property name="pendingDepositInterestAmt" type="big_decimal">
            <column name="PENDING_DEPOSIT_INTEREST_AMT" precision="15" />
        </property>
        <property name="fiaPendingAmt" type="big_decimal">
            <column name="FIA_PENDING_AMT" precision="15" />
        </property>
        <property name="fiaSurrenderUnitQty" type="big_decimal">
            <column name="FIA_SURRENDER_UNIT_QTY" precision="18" scale="9" />
        </property>
        <property name="fiaIunitPriceAmt" type="big_decimal">
            <column name="FIA_IUNIT_PRICE_AMT" precision="17" scale="9" />
        </property>
        <property name="fiaAunitPriceAmt" type="big_decimal">
            <column name="FIA_AUNIT_PRICE_AMT" precision="17" scale="9" />
        </property>
        <property name="fiaIntegerIunitQty" type="java.lang.Long">
            <column name="FIA_INTEGER_IUNIT_QTY" precision="11" scale="0" />
        </property>
        <property name="fiaDecimalIunitQty" type="big_decimal">
            <column name="FIA_DECIMAL_IUNIT_QTY" precision="9" scale="9" />
        </property>
        <property name="fiaIntegerAunitQty" type="java.lang.Long">
            <column name="FIA_INTEGER_AUNIT_QTY" precision="11" scale="0" />
        </property>
        <property name="fiaDecimalAunitQty" type="big_decimal">
            <column name="FIA_DECIMAL_AUNIT_QTY" precision="9" scale="9" />
        </property>
        <property name="cfnTransactionLtdAmt" type="big_decimal">
            <column name="CFN_TRANSACTION_LTD_AMT" precision="17" />
        </property>
        <property name="cfnLoadLtdAmt" type="big_decimal">
            <column name="CFN_LOAD_LTD_AMT" precision="17" />
        </property>
        <property name="cfnInterestLtdAmt" type="big_decimal">
            <column name="CFN_INTEREST_LTD_AMT" precision="17" />
        </property>
        <property name="cfnPendingLtdAmt" type="big_decimal">
            <column name="CFN_PENDING_LTD_AMT" precision="17" />
        </property>
        <property name="cfnIntegerIunitAmt" type="java.lang.Long">
            <column name="CFN_INTEGER_IUNIT_AMT" precision="11" scale="0" />
        </property>
        <property name="cfnDecimalIunitAmt" type="big_decimal">
            <column name="CFN_DECIMAL_IUNIT_AMT" precision="9" scale="9" />
        </property>
        <property name="cfnIntegerAunitAmt" type="java.lang.Long">
            <column name="CFN_INTEGER_AUNIT_AMT" precision="11" scale="0" />
        </property>
        <property name="cfnDecimalAunitAmt" type="big_decimal">
            <column name="CFN_DECIMAL_AUNIT_AMT" precision="9" scale="9" />
        </property>
        <property name="fiaGlaCd" type="string">
            <column name="FIA_GLA_CD" length="2" />
        </property>
        <property name="fiaFundGlaAmt" type="big_decimal">
            <column name="FIA_FUND_GLA_AMT" precision="15" />
        </property>
        <property name="fiaGeneralGlaAmt" type="big_decimal">
            <column name="FIA_GENERAL_GLA_AMT" precision="15" />
        </property>
        <property name="fiaReversalGlaCd" type="string">
            <column name="FIA_REVERSAL_GLA_CD" length="2" />
        </property>
        <property name="reversalFundGlaAmt" type="big_decimal">
            <column name="REVERSAL_FUND_GLA_AMT" precision="15" />
        </property>
        <property name="reversalGeneralGlaAmt" type="big_decimal">
            <column name="REVERSAL_GENERAL_GLA_AMT" precision="15" />
        </property>
        <property name="loadDttm" type="serializable">
            <column name="LOAD_DTTM" />
        </property>
    </class>
</hibernate-mapping>
