<?xml version="1.0"?>
<!DOCTYPE hibernate-mapping PUBLIC "-//Hibernate/Hibernate Mapping DTD 3.0//EN"
"http://www.hibernate.org/dtd/hibernate-mapping-3.0.dtd">
<!-- Generated Feb 16, 2017 3:17:16 PM by Hibernate Tools 4.3.5.Final -->
<hibernate-mapping>
    <class name="com.sunlife.model.CoverageInsured" table="COVERAGE_INSURED" schema="SHKCIFDVO" optimistic-lock="version">
        <composite-id name="id" class="com.sunlife.model.CoverageInsuredId">
            <key-property name="partyId" type="long">
                <column name="PARTY_ID" precision="10" scale="0" />
            </key-property>
            <key-property name="coverageId" type="long">
                <column name="COVERAGE_ID" precision="10" scale="0" />
            </key-property>
            <key-property name="startDttm" type="serializable">
                <column name="START_DTTM" />
            </key-property>
        </composite-id>
        <many-to-one name="coverage" class="com.sunlife.model.Coverage" update="false" insert="false" fetch="select">
            <column name="COVERAGE_ID" precision="10" scale="0" not-null="true" />
            <column name="COVERAGE_START_DTTM" />
        </many-to-one>
        <many-to-one name="individual" class="com.sunlife.model.Individual" update="false" insert="false" fetch="select">
            <column name="PARTY_ID" precision="10" scale="0" not-null="true" />
            <column name="PARTY_START_DTTM" not-null="true" />
        </many-to-one>
        <property name="endDttm" type="serializable">
            <column name="END_DTTM" />
        </property>
        <property name="loadDttm" type="serializable">
            <column name="LOAD_DTTM" />
        </property>
    </class>
</hibernate-mapping>
