<?xml version="1.0"?>
<!DOCTYPE hibernate-mapping PUBLIC "-//Hibernate/Hibernate Mapping DTD 3.0//EN"
"http://www.hibernate.org/dtd/hibernate-mapping-3.0.dtd">
<!-- Generated Feb 16, 2017 3:17:16 PM by Hibernate Tools 4.3.5.Final -->
<hibernate-mapping>
    <class name="com.sunlife.model.DifSummary" table="DIF_SUMMARY" schema="SHKCIFDVO" optimistic-lock="version">
        <id name="difSummaryNum" type="long">
            <column name="DIF_SUMMARY_NUM" precision="10" scale="0" />
            <generator class="assigned" />
        </id>
        <many-to-one name="coverage" class="com.sunlife.model.Coverage" fetch="select">
            <column name="COVERAGE_ID" precision="10" scale="0" />
            <column name="COVERAGE_START_DTTM" />
        </many-to-one>
        <property name="difValuationDt" type="date">
            <column name="DIF_VALUATION_DT" length="7" />
        </property>
        <property name="difFundVal" type="big_decimal">
            <column name="DIF_FUND_VAL" precision="15" />
        </property>
        <property name="difInterestRate" type="big_decimal">
            <column name="DIF_INTEREST_RATE" precision="7" scale="4" />
        </property>
        <property name="mcvCurrentFundAmt" type="big_decimal">
            <column name="MCV_CURRENT_FUND_AMT" precision="17" />
        </property>
        <property name="mcvGuranteedInterestRate" type="big_decimal">
            <column name="MCV_GURANTEED_INTEREST_RATE" precision="7" scale="4" />
        </property>
        <property name="loadDttm" type="serializable">
            <column name="LOAD_DTTM" />
        </property>
    </class>
</hibernate-mapping>
