<?xml version="1.0"?>
<!DOCTYPE hibernate-mapping PUBLIC "-//Hibernate/Hibernate Mapping DTD 3.0//EN"
"http://www.hibernate.org/dtd/hibernate-mapping-3.0.dtd">
<!-- Generated Feb 16, 2017 3:17:16 PM by Hibernate Tools 4.3.5.Final -->
<hibernate-mapping>
    <class name="com.sunlife.model.ElectronicAddress" table="ELECTRONIC_ADDRESS" schema="SHKCIFDVO" optimistic-lock="version">
        <composite-id name="id" class="com.sunlife.model.ElectronicAddressId">
            <key-property name="addressId" type="long">
                <column name="ADDRESS_ID" precision="10" scale="0" />
            </key-property>
            <key-property name="startDttm" type="serializable">
                <column name="START_DTTM" />
            </key-property>
        </composite-id>
        <one-to-one name="partyAddressHistory" class="com.sunlife.model.PartyAddressHistory" constrained="true"></one-to-one>
        <property name="electronicAddressTypeCd" type="string">
            <column name="ELECTRONIC_ADDRESS_TYPE_CD" length="4" />
        </property>
        <property name="electronicAddress" type="string">
            <column name="ELECTRONIC_ADDRESS" length="120" />
        </property>
    </class>
</hibernate-mapping>
