<?xml version="1.0"?>
<!DOCTYPE hibernate-mapping PUBLIC "-//Hibernate/Hibernate Mapping DTD 3.0//EN"
"http://www.hibernate.org/dtd/hibernate-mapping-3.0.dtd">
<!-- Generated Feb 16, 2017 3:17:16 PM by Hibernate Tools 4.3.5.Final -->
<hibernate-mapping>
    <class name="com.sunlife.model.FundAllocation" table="FUND_ALLOCATION" schema="SHKCIFDVO" optimistic-lock="version">
        <id name="fundAllocationId" type="long">
            <column name="FUND_ALLOCATION_ID" precision="10" scale="0" />
            <generator class="assigned" />
        </id>
        <many-to-one name="lifePolicyAgreement" class="com.sunlife.model.LifePolicyAgreement" fetch="select">
            <column name="POLICY_AGREEMENT_ID" precision="10" scale="0" />
            <column name="AGREEMENT_START_DTTM" />
        </many-to-one>
        <property name="startDttm" type="serializable">
            <column name="START_DTTM" />
        </property>
        <property name="endDttm" type="serializable">
            <column name="END_DTTM" />
        </property>
        <property name="allocationTypeCd" type="string">
            <column name="ALLOCATION_TYPE_CD" length="2" />
        </property>
        <property name="allocationNum" type="java.lang.Short">
            <column name="ALLOCATION_NUM" precision="3" scale="0" />
        </property>
        <property name="allocationPercent" type="big_decimal">
            <column name="ALLOCATION_PERCENT" precision="7" scale="4" />
        </property>
        <property name="destinationFundCd" type="string">
            <column name="DESTINATION_FUND_CD" length="14" />
        </property>
        <property name="loadDttm" type="serializable">
            <column name="LOAD_DTTM" />
        </property>
    </class>
</hibernate-mapping>
