<?xml version="1.0"?>
<!DOCTYPE hibernate-mapping PUBLIC "-//Hibernate/Hibernate Mapping DTD 3.0//EN"
"http://www.hibernate.org/dtd/hibernate-mapping-3.0.dtd">
<!-- Generated Feb 16, 2017 3:17:16 PM by Hibernate Tools 4.3.5.Final -->
<hibernate-mapping>
    <class name="com.sunlife.model.GeographyAddress" table="GEOGRAPHY_ADDRESS" schema="SHKCIFDVO" optimistic-lock="version">
        <composite-id name="id" class="com.sunlife.model.GeographyAddressId">
            <key-property name="addressId" type="long">
                <column name="ADDRESS_ID" precision="10" scale="0" />
            </key-property>
            <key-property name="startDttm" type="serializable">
                <column name="START_DTTM" />
            </key-property>
        </composite-id>
        <many-to-one name="countryLookup" class="com.sunlife.model.CountryLookup" fetch="select">
            <column name="COUNTRY_CD" length="4" not-null="true" />
        </many-to-one>
        <one-to-one name="partyAddressHistory" class="com.sunlife.model.PartyAddressHistory" constrained="true"></one-to-one>
        <many-to-one name="provinceLookup" class="com.sunlife.model.ProvinceLookup" fetch="select">
            <column name="PROVINCE_CD" length="4" />
        </many-to-one>
        <property name="addressLine1" type="string">
            <column name="ADDRESS_LINE_1" length="260" />
        </property>
        <property name="addressLine2" type="string">
            <column name="ADDRESS_LINE_2" length="260" />
        </property>
        <property name="addressLine3" type="string">
            <column name="ADDRESS_LINE_3" length="260" />
        </property>
        <property name="addressLine4" type="string">
            <column name="ADDRESS_LINE_4" length="260" />
        </property>
        <property name="geographyAddressTypeCd" type="string">
            <column name="GEOGRAPHY_ADDRESS_TYPE_CD" length="4" />
        </property>
        <property name="addressLine5" type="string">
            <column name="ADDRESS_LINE_5" length="260" />
        </property>
        <property name="cityName" type="string">
            <column name="CITY_NAME" length="100" />
        </property>
        <property name="addressStatusCd" type="string">
            <column name="ADDRESS_STATUS_CD" length="2" />
        </property>
        <property name="countryOfResidenceCd" type="string">
            <column name="COUNTRY_OF_RESIDENCE_CD" length="4" />
        </property>
        <property name="postalCd" type="string">
            <column name="POSTAL_CD" length="20" />
        </property>
    </class>
</hibernate-mapping>
