<?xml version="1.0"?>
<!DOCTYPE hibernate-mapping PUBLIC "-//Hibernate/Hibernate Mapping DTD 3.0//EN"
"http://www.hibernate.org/dtd/hibernate-mapping-3.0.dtd">
<!-- Generated Feb 16, 2017 3:17:16 PM by Hibernate Tools 4.3.5.Final -->
<hibernate-mapping>
    <class name="com.sunlife.model.GifSummary" table="GIF_SUMMARY" schema="SHKCIFDVO" optimistic-lock="version">
        <id name="gifSummaryNum" type="long">
            <column name="GIF_SUMMARY_NUM" precision="10" scale="0" />
            <generator class="assigned" />
        </id>
        <many-to-one name="coverage" class="com.sunlife.model.Coverage" fetch="select">
            <column name="COVERAGE_ID" precision="10" scale="0" />
            <column name="COVERAGE_START_DTTM" />
        </many-to-one>
        <property name="gifValuationDt" type="date">
            <column name="GIF_VALUATION_DT" length="7" />
        </property>
        <property name="gifFundVal" type="big_decimal">
            <column name="GIF_FUND_VAL" precision="15" />
        </property>
        <property name="gifInterestRate" type="big_decimal">
            <column name="GIF_INTEREST_RATE" precision="7" scale="4" />
        </property>
        <property name="giaRolloverDt" type="date">
            <column name="GIA_ROLLOVER_DT" length="7" />
        </property>
        <property name="mcvCurrentFundAmt" type="big_decimal">
            <column name="MCV_CURRENT_FUND_AMT" precision="17" />
        </property>
        <property name="mcvGuranteedInterestRate" type="big_decimal">
            <column name="MCV_GURANTEED_INTEREST_RATE" precision="7" scale="4" />
        </property>
        <property name="loadDttm" type="serializable">
            <column name="LOAD_DTTM" />
        </property>
    </class>
</hibernate-mapping>
