<?xml version="1.0"?>
<!DOCTYPE hibernate-mapping PUBLIC "-//Hibernate/Hibernate Mapping DTD 3.0//EN"
"http://www.hibernate.org/dtd/hibernate-mapping-3.0.dtd">
<!-- Generated Feb 16, 2017 3:17:16 PM by Hibernate Tools 4.3.5.Final -->
<hibernate-mapping>
    <class name="com.sunlife.model.GifTransaction" table="GIF_TRANSACTION" schema="SHKCIFDVO" optimistic-lock="version">
        <id name="gifTransactionNum" type="long">
            <column name="GIF_TRANSACTION_NUM" precision="12" scale="0" />
            <generator class="assigned" />
        </id>
        <many-to-one name="coverage" class="com.sunlife.model.Coverage" fetch="select">
            <column name="COVERAGE_ID" precision="10" scale="0" />
            <column name="COVERAGE_START_DTTM" />
        </many-to-one>
        <property name="gifEffectiveDt" type="date">
            <column name="GIF_EFFECTIVE_DT" length="7" />
        </property>
        <property name="sequenceNum" type="string">
            <column name="SEQUENCE_NUM" length="6" />
        </property>
        <property name="mcvAccumulatedAmt" type="big_decimal">
            <column name="MCV_ACCUMULATED_AMT" precision="17" />
        </property>
        <property name="currentAmt" type="big_decimal">
            <column name="CURRENT_AMT" precision="17" />
        </property>
        <property name="transactionCd" type="string">
            <column name="TRANSACTION_CD" length="6" />
        </property>
        <property name="transactionReasonCd" type="string">
            <column name="TRANSACTION_REASON_CD" length="6" />
        </property>
        <property name="grossAmt" type="big_decimal">
            <column name="GROSS_AMT" precision="17" />
        </property>
        <property name="netAmt" type="big_decimal">
            <column name="NET_AMT" precision="17" />
        </property>
        <property name="interestRate" type="big_decimal">
            <column name="INTEREST_RATE" precision="7" scale="4" />
        </property>
        <property name="rolloverDt" type="date">
            <column name="ROLLOVER_DT" length="7" />
        </property>
        <property name="mcvNetAmt" type="big_decimal">
            <column name="MCV_NET_AMT" precision="17" />
        </property>
        <property name="mcvCurrentFundAmt" type="big_decimal">
            <column name="MCV_CURRENT_FUND_AMT" precision="17" />
        </property>
        <property name="mcvIntToNxtCashFlowAmt" type="big_decimal">
            <column name="MCV_INT_TO_NXT_CASH_FLOW_AMT" precision="17" />
        </property>
        <property name="mcvAccumulatedInterestAmt" type="big_decimal">
            <column name="MCV_ACCUMULATED_INTEREST_AMT" precision="17" />
        </property>
        <property name="mcvGuaranteedInterestRate" type="big_decimal">
            <column name="MCV_GUARANTEED_INTEREST_RATE" precision="7" scale="4" />
        </property>
        <property name="accumCashFlowIntPaidAmt" type="big_decimal">
            <column name="ACCUM_CASH_FLOW_INT_PAID_AMT" precision="17" />
        </property>
        <property name="cashFlowStatusCd" type="string">
            <column name="CASH_FLOW_STATUS_CD" length="2" />
        </property>
        <property name="loadDttm" type="serializable">
            <column name="LOAD_DTTM" />
        </property>
        <property name="accumulatedMcvInterestAmt" type="big_decimal">
            <column name="ACCUMULATED_MCV_INTEREST_AMT" precision="17" />
        </property>
    </class>
</hibernate-mapping>
