<?xml version="1.0"?>
<!DOCTYPE hibernate-mapping PUBLIC "-//Hibernate/Hibernate Mapping DTD 3.0//EN"
"http://www.hibernate.org/dtd/hibernate-mapping-3.0.dtd">
<!-- Generated Feb 16, 2017 3:17:16 PM by Hibernate Tools 4.3.5.Final -->
<hibernate-mapping>
    <class name="com.sunlife.model.IdFormTypeTxMap" table="ID_FORM_TYPE_TX_MAP" schema="SHKCIFDVO" optimistic-lock="version">
        <composite-id name="id" class="com.sunlife.model.IdFormTypeTxMapId">
            <key-property name="idFormTypeCd" type="string">
                <column name="ID_FORM_TYPE_CD" length="5" />
            </key-property>
            <key-property name="sourceColumnNm" type="string">
                <column name="SOURCE_COLUMN_NM" length="50" />
            </key-property>
            <key-property name="sourceSystemCd" type="string">
                <column name="SOURCE_SYSTEM_CD" length="3" />
            </key-property>
            <key-property name="sourceSystemFieldCd" type="string">
                <column name="SOURCE_SYSTEM_FIELD_CD" length="5" />
            </key-property>
            <key-property name="sourceSystemFieldTxtEng" type="string">
                <column name="SOURCE_SYSTEM_FIELD_TXT_ENG" length="100" />
            </key-property>
            <key-property name="sourceSystemFieldTxtChn" type="string">
                <column name="SOURCE_SYSTEM_FIELD_TXT_CHN" length="50" />
            </key-property>
        </composite-id>
    </class>
</hibernate-mapping>
