<?xml version="1.0"?>
<!DOCTYPE hibernate-mapping PUBLIC "-//Hibernate/Hibernate Mapping DTD 3.0//EN"
"http://www.hibernate.org/dtd/hibernate-mapping-3.0.dtd">
<!-- Generated Feb 16, 2017 3:17:16 PM by Hibernate Tools 4.3.5.Final -->
<hibernate-mapping>
    <class name="com.sunlife.model.IndividualOccupation" table="INDIVIDUAL_OCCUPATION" schema="SHKCIFDVO" optimistic-lock="version">
        <id name="individualOccupationId" type="long">
            <column name="INDIVIDUAL_OCCUPATION_ID" precision="10" scale="0" />
            <generator class="assigned" />
        </id>
        <many-to-one name="individual" class="com.sunlife.model.Individual" fetch="select">
            <column name="PARTY_ID" precision="10" scale="0" />
            <column name="PARTY_START_DTTM" />
        </many-to-one>
        <property name="startDttm" type="serializable">
            <column name="START_DTTM" />
        </property>
        <property name="occupationCd" type="string">
            <column name="OCCUPATION_CD" length="20" />
        </property>
        <property name="employerName" type="string">
            <column name="EMPLOYER_NAME" length="120" />
        </property>
        <property name="endDttm" type="serializable">
            <column name="END_DTTM" />
        </property>
        <property name="loadDttm" type="serializable">
            <column name="LOAD_DTTM" />
        </property>
        <property name="averageMonthlyIncome" type="big_decimal">
            <column name="AVERAGE_MONTHLY_INCOME" precision="10" />
        </property>
    </class>
</hibernate-mapping>
