<?xml version="1.0"?>
<!DOCTYPE hibernate-mapping PUBLIC "-//Hibernate/Hibernate Mapping DTD 3.0//EN"
"http://www.hibernate.org/dtd/hibernate-mapping-3.0.dtd">
<!-- Generated Feb 16, 2017 3:17:16 PM by Hibernate Tools 4.3.5.Final -->
<hibernate-mapping>
    <class name="com.sunlife.model.Individual" table="INDIVIDUAL" schema="SHKCIFDVO" optimistic-lock="version">
        <composite-id name="id" class="com.sunlife.model.IndividualId">
            <key-property name="partyId" type="long">
                <column name="PARTY_ID" precision="10" scale="0" />
            </key-property>
            <key-property name="startDttm" type="serializable">
                <column name="START_DTTM" />
            </key-property>
        </composite-id>
        <property name="lastName" type="string">
            <column name="LAST_NAME" length="160" />
        </property>
        <property name="firstName" type="string">
            <column name="FIRST_NAME" length="120" />
        </property>
        <property name="middleName" type="string">
            <column name="MIDDLE_NAME" length="120" />
        </property>
        <property name="genderCd" type="string">
            <column name="GENDER_CD" length="4" />
        </property>
        <property name="birthDt" type="date">
            <column name="BIRTH_DT" length="7" />
        </property>
        <property name="deathDt" type="date">
            <column name="DEATH_DT" length="7" />
        </property>
        <property name="titleCd" type="string">
            <column name="TITLE_CD" length="20" />
        </property>
        <property name="maritalStatusCd" type="string">
            <column name="MARITAL_STATUS_CD" length="2" />
        </property>
        <property name="smokerCd" type="string">
            <column name="SMOKER_CD" length="2" />
        </property>
        <property name="alias" type="string">
            <column name="ALIAS" length="200" />
        </property>
        <property name="chineseLastName" type="string">
            <column name="CHINESE_LAST_NAME" length="160" />
        </property>
        <property name="chineseFirstName" type="string">
            <column name="CHINESE_FIRST_NAME" length="120" />
        </property>
        <property name="birthLocationCd" type="string">
            <column name="BIRTH_LOCATION_CD" length="12" />
        </property>
        <property name="birthCountryCd" type="string">
            <column name="BIRTH_COUNTRY_CD" length="4" />
        </property>
        <property name="citizenshipCountry1Cd" type="string">
            <column name="CITIZENSHIP_COUNTRY_1_CD" length="4" />
        </property>
        <property name="citizenshipCountry2Cd" type="string">
            <column name="CITIZENSHIP_COUNTRY_2_CD" length="4" />
        </property>
        <property name="indiciaCd" type="string">
            <column name="INDICIA_CD" length="4" />
        </property>
        <property name="indiciaDt" type="date">
            <column name="INDICIA_DT" length="7" />
        </property>
        <property name="recalcitrantCd" type="string">
            <column name="RECALCITRANT_CD" length="2" />
        </property>
        <property name="recalcitrantDt" type="date">
            <column name="RECALCITRANT_DT" length="7" />
        </property>
        <property name="recalcitrantReasonCd" type="java.lang.Boolean">
            <column name="RECALCITRANT_REASON_CD" precision="1" scale="0" />
        </property>
        <property name="compClassCd" type="string">
            <column name="COMP_CLASS_CD" length="4" />
        </property>
        <property name="usPersonCd" type="string">
            <column name="US_PERSON_CD" length="2" />
        </property>
        <property name="usPersonDt" type="date">
            <column name="US_PERSON_DT" length="7" />
        </property>
        <property name="sourceSystemCd" type="string">
            <column name="SOURCE_SYSTEM_CD" length="6" />
        </property>
        <property name="sourceSystemKey" type="string">
            <column name="SOURCE_SYSTEM_KEY" length="60" />
        </property>
        <property name="endDttm" type="serializable">
            <column name="END_DTTM" />
        </property>
        <property name="loadDttm" type="serializable">
            <column name="LOAD_DTTM" />
        </property>
        <property name="directMarketingCd" type="string">
            <column name="DIRECT_MARKETING_CD" length="2" />
        </property>
        <set name="individualPolicyRoles" table="INDIVIDUAL_POLICY_ROLE" inverse="true" lazy="true" fetch="select">
            <key>
                <column name="PARTY_ID" precision="10" scale="0" not-null="true" />
                <column name="PARTY_START_DTTM" not-null="true" />
            </key>
            <one-to-many class="com.sunlife.model.IndividualPolicyRole" />
        </set>
        <set name="partyAddressHistories" table="PARTY_ADDRESS_HISTORY" inverse="true" lazy="true" fetch="select">
            <key>
                <column name="PARTY_ID" precision="10" scale="0" not-null="true" />
                <column name="PARTY_START_DTTM" not-null="true" />
            </key>
            <one-to-many class="com.sunlife.model.PartyAddressHistory" />
        </set>
        <set name="individualIds" table="INDIVIDUAL_ID" inverse="true" lazy="true" fetch="select">
            <key>
                <column name="PARTY_ID" precision="10" scale="0" not-null="true" />
                <column name="PARTY_START_DTTM" not-null="true" />
            </key>
            <one-to-many class="com.sunlife.model.IndividualId" />
        </set>
        <set name="partySources" table="PARTY_SOURCE" inverse="true" lazy="true" fetch="select">
            <key>
                <column name="PARTY_ID" precision="10" scale="0" not-null="true" />
                <column name="PARTY_START_DTTM" not-null="true" />
            </key>
            <one-to-many class="com.sunlife.model.PartySource" />
        </set>
        <set name="individualOccupations" table="INDIVIDUAL_OCCUPATION" inverse="true" lazy="true" fetch="select">
            <key>
                <column name="PARTY_ID" precision="10" scale="0" />
                <column name="PARTY_START_DTTM" />
            </key>
            <one-to-many class="com.sunlife.model.IndividualOccupation" />
        </set>
        <set name="coverageInsureds" table="COVERAGE_INSURED" inverse="true" lazy="true" fetch="select">
            <key>
                <column name="PARTY_ID" precision="10" scale="0" not-null="true" />
                <column name="PARTY_START_DTTM" not-null="true" />
            </key>
            <one-to-many class="com.sunlife.model.CoverageInsured" />
        </set>
        <set name="policyBeneficiaries" table="POLICY_BENEFICIARY" inverse="true" lazy="true" fetch="select">
            <key>
                <column name="PARTY_ID" precision="10" scale="0" not-null="true" />
                <column name="PARTY_START_DTTM" not-null="true" />
            </key>
            <one-to-many class="com.sunlife.model.PolicyBeneficiary" />
        </set>
        <set name="agents" table="AGENT" inverse="true" lazy="true" fetch="select">
            <key>
                <column name="PARTY_ID" precision="10" scale="0" />
                <column name="PARTY_START_DTTM" />
            </key>
            <one-to-many class="com.sunlife.model.Agent" />
        </set>
        <set name="individualAggregateCashVals" table="INDIVIDUAL_AGGREGATE_CASH_VAL" inverse="true" lazy="true" fetch="select">
            <key>
                <column name="PARTY_ID" precision="10" scale="0" not-null="true" />
                <column name="PARTY_START_DTTM" not-null="true" />
            </key>
            <one-to-many class="com.sunlife.model.IndividualAggregateCashVal" />
        </set>
    </class>
</hibernate-mapping>
