<?xml version="1.0"?>
<!DOCTYPE hibernate-mapping PUBLIC "-//Hibernate/Hibernate Mapping DTD 3.0//EN"
"http://www.hibernate.org/dtd/hibernate-mapping-3.0.dtd">
<!-- Generated Feb 16, 2017 3:17:16 PM by Hibernate Tools 4.3.5.Final -->
<hibernate-mapping>
    <class name="com.sunlife.model.LifePolicyAgreement" table="LIFE_POLICY_AGREEMENT" schema="SHKCIFDVO" optimistic-lock="version">
        <composite-id name="id" class="com.sunlife.model.LifePolicyAgreementId">
            <key-property name="policyAgreementId" type="long">
                <column name="POLICY_AGREEMENT_ID" precision="10" scale="0" />
            </key-property>
            <key-property name="startDttm" type="serializable">
                <column name="START_DTTM" />
            </key-property>
        </composite-id>
        <property name="policyNum" type="string">
            <column name="POLICY_NUM" length="30" not-null="true" unique="true" />
        </property>
        <property name="aplOptionCd" type="string">
            <column name="APL_OPTION_CD" length="2" />
        </property>
        <property name="basicPlanCd" type="string">
            <column name="BASIC_PLAN_CD" length="12" />
        </property>
        <property name="contractualPayoutOption" type="string">
            <column name="CONTRACTUAL_PAYOUT_OPTION" length="2" />
        </property>
        <property name="contributionPaymentTerm" type="java.lang.Short">
            <column name="CONTRIBUTION_PAYMENT_TERM" precision="4" scale="0" />
        </property>
        <property name="couponOption" type="string">
            <column name="COUPON_OPTION" length="2" />
        </property>
        <property name="currencyCd" type="string">
            <column name="CURRENCY_CD" length="4" />
        </property>
        <property name="mandatoryContributionEndDt" type="date">
            <column name="MANDATORY_CONTRIBUTION_END_DT" length="7" />
        </property>
        <property name="mandatoryContributionPeriod" type="java.lang.Short">
            <column name="MANDATORY_CONTRIBUTION_PERIOD" precision="4" scale="0" />
        </property>
        <property name="policyApplicationReceivedDt" type="date">
            <column name="POLICY_APPLICATION_RECEIVED_DT" length="7" />
        </property>
        <property name="policyApplicationSignedDt" type="date">
            <column name="POLICY_APPLICATION_SIGNED_DT" length="7" />
        </property>
        <property name="policyBaseCoverageNum" type="java.lang.Short">
            <column name="POLICY_BASE_COVERAGE_NUM" precision="4" scale="0" />
        </property>
        <property name="policyBillTypeCd" type="string">
            <column name="POLICY_BILL_TYPE_CD" length="2" />
        </property>
        <property name="policyDividendOptionCd" type="string">
            <column name="POLICY_DIVIDEND_OPTION_CD" length="2" />
        </property>
        <property name="policyInsuranceTypeCd" type="string">
            <column name="POLICY_INSURANCE_TYPE_CD" length="2" />
        </property>
        <property name="policyIssueDt" type="date">
            <column name="POLICY_ISSUE_DT" length="7" />
        </property>
        <property name="policyNfoCd" type="string">
            <column name="POLICY_NFO_CD" length="2" />
        </property>
        <property name="policyTypeTagCd" type="string">
            <column name="POLICY_TYPE_TAG_CD" length="2" />
        </property>
        <property name="premiumReductionCd" type="string">
            <column name="PREMIUM_REDUCTION_CD" length="2" />
        </property>
        <property name="premiumTypeCd" type="string">
            <column name="PREMIUM_TYPE_CD" length="2" />
        </property>
        <property name="applicationRejectReasonCd" type="string">
            <column name="APPLICATION_REJECT_REASON_CD" length="4" />
        </property>
        <property name="prepaymentAmt" type="big_decimal">
            <column name="PREPAYMENT_AMT" precision="17" />
        </property>
        <property name="endFreeLookDt" type="date">
            <column name="END_FREE_LOOK_DT" length="7" />
        </property>
        <property name="lapseStartDt" type="date">
            <column name="LAPSE_START_DT" length="7" />
        </property>
        <property name="modalPremiumDiscountAmt" type="big_decimal">
            <column name="MODAL_PREMIUM_DISCOUNT_AMT" precision="17" />
        </property>
        <property name="policyBillModeCd" type="string">
            <column name="POLICY_BILL_MODE_CD" length="2" />
        </property>
        <property name="policyCeaseDt" type="date">
            <column name="POLICY_CEASE_DT" length="7" />
        </property>
        <property name="policyCeaseReasonCd" type="string">
            <column name="POLICY_CEASE_REASON_CD" length="2" />
        </property>
        <property name="policyOstandingDisburseAmt" type="big_decimal">
            <column name="POLICY_OSTANDING_DISBURSE_AMT" precision="17" />
        </property>
        <property name="policyStatusCd" type="string">
            <column name="POLICY_STATUS_CD" length="8" />
        </property>
        <property name="sundryPaymentAmt" type="big_decimal">
            <column name="SUNDRY_PAYMENT_AMT" precision="17" />
        </property>
        <property name="accumDividendInterestAmt" type="big_decimal">
            <column name="ACCUM_DIVIDEND_INTEREST_AMT" precision="17" />
        </property>
        <property name="policyBillToDt" type="date">
            <column name="POLICY_BILL_TO_DT" length="7" />
        </property>
        <property name="policyDividendAccumAmt" type="big_decimal">
            <column name="POLICY_DIVIDEND_ACCUM_AMT" precision="17" />
        </property>
        <property name="policyDividendDt" type="date">
            <column name="POLICY_DIVIDEND_DT" length="7" />
        </property>
        <property name="policyGrossAnnualPremAmt" type="big_decimal">
            <column name="POLICY_GROSS_ANNUAL_PREM_AMT" precision="17" />
        </property>
        <property name="policyMiscSuspenseAmt" type="big_decimal">
            <column name="POLICY_MISC_SUSPENSE_AMT" precision="17" />
        </property>
        <property name="policyModalPremiumAmt" type="big_decimal">
            <column name="POLICY_MODAL_PREMIUM_AMT" precision="15" />
        </property>
        <property name="policyPaidToDt" type="date">
            <column name="POLICY_PAID_TO_DT" length="7" />
        </property>
        <property name="policyPremiumSuspenseAmt" type="big_decimal">
            <column name="POLICY_PREMIUM_SUSPENSE_AMT" precision="17" />
        </property>
        <property name="policyPrevModalPremiumAmt" type="big_decimal">
            <column name="POLICY_PREV_MODAL_PREMIUM_AMT" precision="15" />
        </property>
        <property name="policyTotalBilledAmt" type="big_decimal">
            <column name="POLICY_TOTAL_BILLED_AMT" precision="17" />
        </property>
        <property name="policyTruePremiumAmt" type="big_decimal">
            <column name="POLICY_TRUE_PREMIUM_AMT" precision="15" />
        </property>
        <property name="shortageAmt" type="big_decimal">
            <column name="SHORTAGE_AMT" precision="17" />
        </property>
        <property name="endDttm" type="serializable">
            <column name="END_DTTM" />
        </property>
        <property name="loadDttm" type="serializable">
            <column name="LOAD_DTTM" />
        </property>
        <property name="deathBenefitOptionCd" type="string">
            <column name="DEATH_BENEFIT_OPTION_CD" length="2" />
        </property>
        <set name="individualPolicyRoles" table="INDIVIDUAL_POLICY_ROLE" inverse="true" lazy="true" fetch="select">
            <key>
                <column name="POLICY_AGREEMENT_ID" precision="10" scale="0" not-null="true" />
                <column name="AGREEMENT_START_DTTM" not-null="true" />
            </key>
            <one-to-many class="com.sunlife.model.IndividualPolicyRole" />
        </set>
        <set name="agentPolicyRoles" table="AGENT_POLICY_ROLE" inverse="true" lazy="true" fetch="select">
            <key>
                <column name="POLICY_AGREEMENT_ID" precision="10" scale="0" not-null="true" />
                <column name="AGREEMENT_START_DTTM" not-null="true" />
            </key>
            <one-to-many class="com.sunlife.model.AgentPolicyRole" />
        </set>
        <set name="policyBeneficiaries" table="POLICY_BENEFICIARY" inverse="true" lazy="true" fetch="select">
            <key>
                <column name="POLICY_AGREEMENT_ID" precision="10" scale="0" not-null="true" />
                <column name="AGREEMENT_START_DTTM" not-null="true" />
            </key>
            <one-to-many class="com.sunlife.model.PolicyBeneficiary" />
        </set>
        <set name="fundAllocations" table="FUND_ALLOCATION" inverse="true" lazy="true" fetch="select">
            <key>
                <column name="POLICY_AGREEMENT_ID" precision="10" scale="0" />
                <column name="AGREEMENT_START_DTTM" />
            </key>
            <one-to-many class="com.sunlife.model.FundAllocation" />
        </set>
        <set name="policySpecialInstructions" table="POLICY_SPECIAL_INSTRUCTION" inverse="true" lazy="true" fetch="select">
            <key>
                <column name="POLICY_AGREEMENT_ID" precision="10" scale="0" />
                <column name="AGREEMENT_START_DTTM" />
            </key>
            <one-to-many class="com.sunlife.model.PolicySpecialInstruction" />
        </set>
        <set name="organizationPolicyRoles" table="ORGANIZATION_POLICY_ROLE" inverse="true" lazy="true" fetch="select">
            <key>
                <column name="POLICY_AGREEMENT_ID" precision="10" scale="0" not-null="true" />
                <column name="AGREEMENT_START_DTTM" not-null="true" />
            </key>
            <one-to-many class="com.sunlife.model.OrganizationPolicyRole" />
        </set>
        <set name="policyComputedValues" table="POLICY_COMPUTED_VALUE" inverse="true" lazy="true" fetch="select">
            <key>
                <column name="POLICY_AGREEMENT_ID" precision="10" scale="0" />
                <column name="AGREEMENT_START_DTTM" />
            </key>
            <one-to-many class="com.sunlife.model.PolicyComputedValue" />
        </set>
        <set name="coverages" table="COVERAGE" inverse="true" lazy="true" fetch="select">
            <key>
                <column name="POLICY_AGREEMENT_ID" precision="10" scale="0" />
                <column name="AGREEMENT_START_DTTM" />
            </key>
            <one-to-many class="com.sunlife.model.Coverage" />
        </set>
    </class>
</hibernate-mapping>
