<?xml version="1.0"?>
<!DOCTYPE hibernate-mapping PUBLIC "-//Hibernate/Hibernate Mapping DTD 3.0//EN"
"http://www.hibernate.org/dtd/hibernate-mapping-3.0.dtd">
<!-- Generated Feb 16, 2017 3:17:16 PM by Hibernate Tools 4.3.5.Final -->
<hibernate-mapping>
    <class name="com.sunlife.model.NoClaimDiscount" table="NO_CLAIM_DISCOUNT" schema="SHKCIFDVO" optimistic-lock="version">
        <id name="ncdStartDt" type="date">
            <column name="NCD_START_DT" length="7" />
            <generator class="assigned" />
        </id>
        <many-to-one name="coverage" class="com.sunlife.model.Coverage" fetch="select">
            <column name="COVERAGE_ID" precision="10" scale="0" />
            <column name="COVERAGE_START_DTTM" />
        </many-to-one>
        <property name="ncdAmt" type="big_decimal">
            <column name="NCD_AMT" precision="15" />
        </property>
        <property name="ncdEndDt" type="date">
            <column name="NCD_END_DT" length="7" />
        </property>
        <property name="loadDttm" type="serializable">
            <column name="LOAD_DTTM" />
        </property>
        <property name="ncdPct" type="big_decimal">
            <column name="NCD_PCT" precision="8" scale="3" />
        </property>
    </class>
</hibernate-mapping>
