<?xml version="1.0"?>
<!DOCTYPE hibernate-mapping PUBLIC "-//Hibernate/Hibernate Mapping DTD 3.0//EN"
"http://www.hibernate.org/dtd/hibernate-mapping-3.0.dtd">
<!-- Generated Feb 16, 2017 3:17:16 PM by Hibernate Tools 4.3.5.Final -->
<hibernate-mapping>
    <class name="com.sunlife.model.OrganizationId" table="ORGANIZATION_ID" schema="SHKCIFDVO" optimistic-lock="version">
        <id name="organizationIdId" type="long">
            <column name="ORGANIZATION_ID_ID" precision="10" scale="0" />
            <generator class="assigned" />
        </id>
        <many-to-one name="organization" class="com.sunlife.model.Organization" fetch="select">
            <column name="PARTY_ID" precision="10" scale="0" />
            <column name="PARTY_START_DTTM" />
        </many-to-one>
        <property name="idFormTypeCd" type="string">
            <column name="ID_FORM_TYPE_CD" length="8" />
        </property>
        <property name="idFormNum" type="string">
            <column name="ID_FORM_NUM" length="40" />
        </property>
        <property name="idFormEffectiveDt" type="date">
            <column name="ID_FORM_EFFECTIVE_DT" length="7" />
        </property>
        <property name="idFormExpiryDt" type="date">
            <column name="ID_FORM_EXPIRY_DT" length="7" />
        </property>
        <property name="sourceSystemCd" type="string">
            <column name="SOURCE_SYSTEM_CD" length="6" />
        </property>
        <property name="loadDttm" type="serializable">
            <column name="LOAD_DTTM" />
        </property>
    </class>
</hibernate-mapping>
