<?xml version="1.0"?>
<!DOCTYPE hibernate-mapping PUBLIC "-//Hibernate/Hibernate Mapping DTD 3.0//EN"
"http://www.hibernate.org/dtd/hibernate-mapping-3.0.dtd">
<!-- Generated Feb 16, 2017 3:17:16 PM by Hibernate Tools 4.3.5.Final -->
<hibernate-mapping>
    <class name="com.sunlife.model.OrganizationPolicyRole" table="ORGANIZATION_POLICY_ROLE" schema="SHKCIFDVO" optimistic-lock="version">
        <composite-id name="id" class="com.sunlife.model.OrganizationPolicyRoleId">
            <key-property name="partyId" type="long">
                <column name="PARTY_ID" precision="10" scale="0" />
            </key-property>
            <key-property name="clientRoleCd" type="string">
                <column name="CLIENT_ROLE_CD" length="2" />
            </key-property>
            <key-property name="startDttm" type="serializable">
                <column name="START_DTTM" />
            </key-property>
            <key-property name="policyAgreementId" type="long">
                <column name="POLICY_AGREEMENT_ID" precision="10" scale="0" />
            </key-property>
        </composite-id>
        <many-to-one name="clientRoleLookup" class="com.sunlife.model.ClientRoleLookup" update="false" insert="false" fetch="select">
            <column name="CLIENT_ROLE_CD" length="2" not-null="true" />
        </many-to-one>
        <many-to-one name="lifePolicyAgreement" class="com.sunlife.model.LifePolicyAgreement" update="false" insert="false" fetch="select">
            <column name="POLICY_AGREEMENT_ID" precision="10" scale="0" not-null="true" />
            <column name="AGREEMENT_START_DTTM" not-null="true" />
        </many-to-one>
        <many-to-one name="organization" class="com.sunlife.model.Organization" update="false" insert="false" fetch="select">
            <column name="PARTY_ID" precision="10" scale="0" not-null="true" />
            <column name="PARTY_START_DTTM" not-null="true" />
        </many-to-one>
        <property name="endDttm" type="serializable">
            <column name="END_DTTM" />
        </property>
        <property name="loadDttm" type="serializable">
            <column name="LOAD_DTTM" />
        </property>
        <property name="addressId" type="big_decimal">
            <column name="ADDRESS_ID" precision="22" scale="0" />
        </property>
    </class>
</hibernate-mapping>
