<?xml version="1.0"?>
<!DOCTYPE hibernate-mapping PUBLIC "-//Hibernate/Hibernate Mapping DTD 3.0//EN"
"http://www.hibernate.org/dtd/hibernate-mapping-3.0.dtd">
<!-- Generated Feb 16, 2017 3:17:16 PM by Hibernate Tools 4.3.5.Final -->
<hibernate-mapping>
    <class name="com.sunlife.model.Organization" table="ORGANIZATION" schema="SHKCIFDVO" optimistic-lock="version">
        <composite-id name="id" class="com.sunlife.model.OrganizationId">
            <key-property name="partyId" type="long">
                <column name="PARTY_ID" precision="10" scale="0" />
            </key-property>
            <key-property name="startDttm" type="serializable">
                <column name="START_DTTM" />
            </key-property>
        </composite-id>
        <property name="orgName" type="string">
            <column name="ORG_NAME" length="200" />
        </property>
        <property name="sourceSystemCd" type="string">
            <column name="SOURCE_SYSTEM_CD" length="6" />
        </property>
        <property name="sourceSystemKey" type="string">
            <column name="SOURCE_SYSTEM_KEY" length="60" />
        </property>
        <property name="endDttm" type="serializable">
            <column name="END_DTTM" />
        </property>
        <property name="loadDttm" type="serializable">
            <column name="LOAD_DTTM" />
        </property>
        <set name="organizationIds" table="ORGANIZATION_ID" inverse="true" lazy="true" fetch="select">
            <key>
                <column name="PARTY_ID" precision="10" scale="0" />
                <column name="PARTY_START_DTTM" />
            </key>
            <one-to-many class="com.sunlife.model.OrganizationId" />
        </set>
        <set name="partySources" table="PARTY_SOURCE" inverse="true" lazy="true" fetch="select">
            <key>
                <column name="PARTY_ID" precision="10" scale="0" not-null="true" />
                <column name="PARTY_START_DTTM" not-null="true" />
            </key>
            <one-to-many class="com.sunlife.model.PartySource" />
        </set>
        <set name="agents" table="AGENT" inverse="true" lazy="true" fetch="select">
            <key>
                <column name="PARTY_ID" precision="10" scale="0" />
                <column name="PARTY_START_DTTM" />
            </key>
            <one-to-many class="com.sunlife.model.Agent" />
        </set>
        <set name="organizationPolicyRoles" table="ORGANIZATION_POLICY_ROLE" inverse="true" lazy="true" fetch="select">
            <key>
                <column name="PARTY_ID" precision="10" scale="0" not-null="true" />
                <column name="PARTY_START_DTTM" not-null="true" />
            </key>
            <one-to-many class="com.sunlife.model.OrganizationPolicyRole" />
        </set>
    </class>
</hibernate-mapping>
