<?xml version="1.0"?>
<!DOCTYPE hibernate-mapping PUBLIC "-//Hibernate/Hibernate Mapping DTD 3.0//EN"
"http://www.hibernate.org/dtd/hibernate-mapping-3.0.dtd">
<!-- Generated Feb 16, 2017 3:17:16 PM by Hibernate Tools 4.3.5.Final -->
<hibernate-mapping>
    <class name="com.sunlife.model.PartyAddressHistory" table="PARTY_ADDRESS_HISTORY" schema="SHKCIFDVO" optimistic-lock="version">
        <composite-id name="id" class="com.sunlife.model.PartyAddressHistoryId">
            <key-property name="addressId" type="long">
                <column name="ADDRESS_ID" precision="10" scale="0" />
            </key-property>
            <key-property name="startDttm" type="serializable">
                <column name="START_DTTM" />
            </key-property>
        </composite-id>
        <many-to-one name="individual" class="com.sunlife.model.Individual" fetch="select">
            <column name="PARTY_ID" precision="10" scale="0" not-null="true" />
            <column name="PARTY_START_DTTM" not-null="true" />
        </many-to-one>
        <property name="endDttm" type="serializable">
            <column name="END_DTTM" />
        </property>
        <property name="loadDttm" type="serializable">
            <column name="LOAD_DTTM" />
        </property>
        <property name="addressTypeCd" type="string">
            <column name="ADDRESS_TYPE_CD" length="2" />
        </property>
        <property name="sourceSystemCd" type="string">
            <column name="SOURCE_SYSTEM_CD" length="6" />
        </property>
        <one-to-one name="telephoneAddress" class="com.sunlife.model.TelephoneAddress"></one-to-one>
        <one-to-one name="electronicAddress" class="com.sunlife.model.ElectronicAddress"></one-to-one>
        <one-to-one name="geographyAddress" class="com.sunlife.model.GeographyAddress"></one-to-one>
    </class>
</hibernate-mapping>
