<?xml version="1.0"?>
<!DOCTYPE hibernate-mapping PUBLIC "-//Hibernate/Hibernate Mapping DTD 3.0//EN"
"http://www.hibernate.org/dtd/hibernate-mapping-3.0.dtd">
<!-- Generated Feb 16, 2017 3:17:16 PM by Hibernate Tools 4.3.5.Final -->
<hibernate-mapping>
    <class name="com.sunlife.model.PolicySpecialInstruction" table="POLICY_SPECIAL_INSTRUCTION" schema="SHKCIFDVO" optimistic-lock="version">
        <id name="instructionDttm" type="serializable">
            <column name="INSTRUCTION_DTTM" />
            <generator class="assigned" />
        </id>
        <many-to-one name="lifePolicyAgreement" class="com.sunlife.model.LifePolicyAgreement" fetch="select">
            <column name="POLICY_AGREEMENT_ID" precision="10" scale="0" />
            <column name="AGREEMENT_START_DTTM" />
        </many-to-one>
        <property name="instruction" type="string">
            <column name="INSTRUCTION" length="510" />
        </property>
        <property name="loadDttm" type="serializable">
            <column name="LOAD_DTTM" />
        </property>
    </class>
</hibernate-mapping>
