<?xml version="1.0"?>
<!DOCTYPE hibernate-mapping PUBLIC "-//Hibernate/Hibernate Mapping DTD 3.0//EN"
"http://www.hibernate.org/dtd/hibernate-mapping-3.0.dtd">
<!-- Generated Feb 16, 2017 3:17:16 PM by Hibernate Tools 4.3.5.Final -->
<hibernate-mapping>
    <class name="com.sunlife.model.PolicyComputedValue" table="POLICY_COMPUTED_VALUE" schema="SHKCIFDVO" optimistic-lock="version">
        <id name="policyComputedValueId" type="long">
            <column name="POLICY_COMPUTED_VALUE_ID" precision="10" scale="0" />
            <generator class="assigned" />
        </id>
        <many-to-one name="lifePolicyAgreement" class="com.sunlife.model.LifePolicyAgreement" fetch="select">
            <column name="POLICY_AGREEMENT_ID" precision="10" scale="0" />
            <column name="AGREEMENT_START_DTTM" />
        </many-to-one>
        <property name="totalBonus" type="big_decimal">
            <column name="TOTAL_BONUS" precision="17" />
        </property>
        <property name="couponFundAmt" type="big_decimal">
            <column name="COUPON_FUND_AMT" precision="13" />
        </property>
        <property name="maturityDividendAmt" type="big_decimal">
            <column name="MATURITY_DIVIDEND_AMT" precision="13" />
        </property>
        <property name="totalOtherLoanAmt" type="big_decimal">
            <column name="TOTAL_OTHER_LOAN_AMT" precision="15" />
        </property>
        <property name="baseCvAmt" type="big_decimal">
            <column name="BASE_CV_AMT" precision="17" />
        </property>
        <property name="puaCvAmt" type="big_decimal">
            <column name="PUA_CV_AMT" precision="17" />
        </property>
        <property name="maturityBonusAmt" type="big_decimal">
            <column name="MATURITY_BONUS_AMT" precision="17" />
        </property>
        <property name="fundValueAmt" type="big_decimal">
            <column name="FUND_VALUE_AMT" precision="17" />
        </property>
        <property name="dividendOnDepositAmt" type="big_decimal">
            <column name="DIVIDEND_ON_DEPOSIT_AMT" precision="17" />
        </property>
        <property name="dividendOnDepositIntAmt" type="big_decimal">
            <column name="DIVIDEND_ON_DEPOSIT_INT_AMT" precision="17" />
        </property>
        <property name="asOfDttm" type="serializable">
            <column name="AS_OF_DTTM" />
        </property>
        <property name="loadDttm" type="serializable">
            <column name="LOAD_DTTM" />
        </property>
        <property name="surrenderChargeAmt" type="big_decimal">
            <column name="SURRENDER_CHARGE_AMT" precision="17" />
        </property>
        <property name="couponFundInterestAmt" type="big_decimal">
            <column name="COUPON_FUND_INTEREST_AMT" precision="17" />
        </property>
        <property name="unearnedPremiumAmt" type="big_decimal">
            <column name="UNEARNED_PREMIUM_AMT" precision="17" />
        </property>
        <property name="totalCashLoanAmt" type="big_decimal">
            <column name="TOTAL_CASH_LOAN_AMT" precision="17" />
        </property>
        <property name="cashLoanInterestAmt" type="big_decimal">
            <column name="CASH_LOAN_INTEREST_AMT" precision="17" />
        </property>
        <property name="otherLoanInterestAmt" type="big_decimal">
            <column name="OTHER_LOAN_INTEREST_AMT" precision="17" />
        </property>
        <property name="totalAplAmt" type="big_decimal">
            <column name="TOTAL_APL_AMT" precision="17" />
        </property>
        <property name="aplInterestAmt" type="big_decimal">
            <column name="APL_INTEREST_AMT" precision="17" />
        </property>
        <property name="premiumDepositFundAmt" type="big_decimal">
            <column name="PREMIUM_DEPOSIT_FUND_AMT" precision="17" />
        </property>
        <property name="premiumDepositFundIntAmt" type="big_decimal">
            <column name="PREMIUM_DEPOSIT_FUND_INT_AMT" precision="17" />
        </property>
        <property name="prepaymentFundAmt" type="big_decimal">
            <column name="PREPAYMENT_FUND_AMT" precision="17" />
        </property>
        <property name="prepaymentFundInterestAmt" type="big_decimal">
            <column name="PREPAYMENT_FUND_INTEREST_AMT" precision="17" />
        </property>
        <property name="premiumRefundAmt" type="big_decimal">
            <column name="PREMIUM_REFUND_AMT" precision="17" />
        </property>
        <property name="terminalRefundCashValue" type="big_decimal">
            <column name="TERMINAL_REFUND_CASH_VALUE" precision="17" />
        </property>
        <property name="policyCsvAmt" type="big_decimal">
            <column name="POLICY_CSV_AMT" precision="17" />
        </property>
        <property name="maximumLoanableAmt" type="big_decimal">
            <column name="MAXIMUM_LOANABLE_AMT" precision="17" />
        </property>
        <property name="remainMandatoryContribAmt" type="big_decimal">
            <column name="REMAIN_MANDATORY_CONTRIB_AMT" precision="17" />
        </property>
        <property name="reversionaryBonusCashValue" type="big_decimal">
            <column name="REVERSIONARY_BONUS_CASH_VALUE" precision="17" />
        </property>
        <property name="reversionaryBonusDeathAmt" type="big_decimal">
            <column name="REVERSIONARY_BONUS_DEATH_AMT" precision="17" />
        </property>
    </class>
</hibernate-mapping>
