<?xml version="1.0"?>
<!DOCTYPE hibernate-mapping PUBLIC "-//Hibernate/Hibernate Mapping DTD 3.0//EN"
"http://www.hibernate.org/dtd/hibernate-mapping-3.0.dtd">
<!-- Generated Feb 16, 2017 3:17:16 PM by Hibernate Tools 4.3.5.Final -->
<hibernate-mapping>
    <class name="com.sunlife.model.PolicyBeneficiary" table="POLICY_BENEFICIARY" schema="SHKCIFDVO" optimistic-lock="version">
        <composite-id name="id" class="com.sunlife.model.PolicyBeneficiaryId">
            <key-property name="policyAgreementId" type="long">
                <column name="POLICY_AGREEMENT_ID" precision="10" scale="0" />
            </key-property>
            <key-property name="beneficiarySeq" type="string">
                <column name="BENEFICIARY_SEQ" length="6" />
            </key-property>
            <key-property name="startDttm" type="serializable">
                <column name="START_DTTM" />
            </key-property>
        </composite-id>
        <many-to-one name="individual" class="com.sunlife.model.Individual" fetch="select">
            <column name="PARTY_ID" precision="10" scale="0" not-null="true" />
            <column name="PARTY_START_DTTM" not-null="true" />
        </many-to-one>
        <many-to-one name="lifePolicyAgreement" class="com.sunlife.model.LifePolicyAgreement" update="false" insert="false" fetch="select">
            <column name="POLICY_AGREEMENT_ID" precision="10" scale="0" not-null="true" />
            <column name="AGREEMENT_START_DTTM" not-null="true" />
        </many-to-one>
        <property name="endDttm" type="serializable">
            <column name="END_DTTM" />
        </property>
        <property name="loadDttm" type="serializable">
            <column name="LOAD_DTTM" />
        </property>
        <property name="beneficiaryTypeCd" type="string">
            <column name="BENEFICIARY_TYPE_CD" length="2" />
        </property>
        <property name="designationTypeCd" type="string">
            <column name="DESIGNATION_TYPE_CD" length="2" />
        </property>
        <property name="beneficiaryPercentage" type="java.lang.Short">
            <column name="BENEFICIARY_PERCENTAGE" precision="3" scale="0" />
        </property>
        <property name="relationshipToInsuredCd" type="string">
            <column name="RELATIONSHIP_TO_INSURED_CD" length="10" />
        </property>
        <property name="minorIndicator" type="string">
            <column name="MINOR_INDICATOR" length="2" />
        </property>
        <property name="trusteeName" type="string">
            <column name="TRUSTEE_NAME" length="160" />
        </property>
        <property name="addressId" type="java.lang.Long">
            <column name="ADDRESS_ID" precision="10" scale="0" />
        </property>
        <property name="partyTypeCd" type="string">
            <column name="PARTY_TYPE_CD" length="2" />
        </property>
        <property name="coverageNum" type="string">
            <column name="COVERAGE_NUM" length="4" />
        </property>
        <property name="relationshipTrusteeCd" type="string">
            <column name="RELATIONSHIP_TRUSTEE_CD" length="5" />
        </property>
    </class>
</hibernate-mapping>
