<?xml version="1.0"?>
<!DOCTYPE hibernate-mapping PUBLIC "-//Hibernate/Hibernate Mapping DTD 3.0//EN"
"http://www.hibernate.org/dtd/hibernate-mapping-3.0.dtd">
<!-- Generated Feb 16, 2017 3:17:16 PM by Hibernate Tools 4.3.5.Final -->
<hibernate-mapping>
    <class name="com.sunlife.model.SegregatedFundSummary" table="SEGREGATED_FUND_SUMMARY" schema="SHKCIFDVO" optimistic-lock="version">
        <id name="segFundSummaryNum" type="long">
            <column name="SEG_FUND_SUMMARY_NUM" precision="10" scale="0" />
            <generator class="assigned" />
        </id>
        <many-to-one name="coverage" class="com.sunlife.model.Coverage" fetch="select">
            <column name="COVERAGE_ID" precision="10" scale="0" />
            <column name="COVERAGE_START_DTTM" />
        </many-to-one>
        <property name="fundId" type="string">
            <column name="FUND_ID" length="10" />
        </property>
        <property name="fundValuationDt" type="date">
            <column name="FUND_VALUATION_DT" length="7" />
        </property>
        <property name="unitValuationDt" type="date">
            <column name="UNIT_VALUATION_DT" length="7" />
        </property>
        <property name="unitPrice" type="big_decimal">
            <column name="UNIT_PRICE" precision="11" scale="9" />
        </property>
        <property name="fundValueAmt" type="big_decimal">
            <column name="FUND_VALUE_AMT" precision="17" />
        </property>
        <property name="accumulatedValueAmt" type="big_decimal">
            <column name="ACCUMULATED_VALUE_AMT" precision="17" />
        </property>
        <property name="initialUnits" type="big_decimal">
            <column name="INITIAL_UNITS" precision="11" scale="9" />
        </property>
        <property name="initialValueAmt" type="big_decimal">
            <column name="INITIAL_VALUE_AMT" precision="17" />
        </property>
        <property name="pendingAmt" type="big_decimal">
            <column name="PENDING_AMT" precision="15" />
        </property>
        <property name="pendingUnits" type="big_decimal">
            <column name="PENDING_UNITS" precision="11" scale="9" />
        </property>
        <property name="loadDttm" type="serializable">
            <column name="LOAD_DTTM" />
        </property>
        <property name="accumulatedUnits" type="big_decimal">
            <column name="ACCUMULATED_UNITS" precision="11" scale="9" />
        </property>
    </class>
</hibernate-mapping>
