<?xml version="1.0"?>
<!DOCTYPE hibernate-mapping PUBLIC "-//Hibernate/Hibernate Mapping DTD 3.0//EN"
"http://www.hibernate.org/dtd/hibernate-mapping-3.0.dtd">
<!-- Generated Feb 16, 2017 3:17:16 PM by Hibernate Tools 4.3.5.Final -->
<hibernate-mapping>
    <class name="com.sunlife.model.TelephoneAddress" table="TELEPHONE_ADDRESS" schema="SHKCIFDVO" optimistic-lock="version">
        <composite-id name="id" class="com.sunlife.model.TelephoneAddressId">
            <key-property name="addressId" type="long">
                <column name="ADDRESS_ID" precision="10" scale="0" />
            </key-property>
            <key-property name="startDttm" type="serializable">
                <column name="START_DTTM" />
            </key-property>
        </composite-id>
        <many-to-one name="countryLookup" class="com.sunlife.model.CountryLookup" fetch="select">
            <column name="COUNTRY_CD" length="4" />
        </many-to-one>
        <one-to-one name="partyAddressHistory" class="com.sunlife.model.PartyAddressHistory" constrained="true"></one-to-one>
        <property name="telephoneAddressTypeCd" type="string">
            <column name="TELEPHONE_ADDRESS_TYPE_CD" length="4" />
        </property>
        <property name="lineNum" type="string">
            <column name="LINE_NUM" length="120" />
        </property>
    </class>
</hibernate-mapping>
